model,test_set,regime_class,variable,n_points,calib_error,cover_68,width_68,cover_80,width_80,cover_90,width_90,cover_95,width_95
oceanembed,spatial,well_mixed,T,3808,0.01484550640884443,0.680672268907563,1.4873862266540527,0.7875525210084033,1.9167765378952026,0.8802521008403361,2.460132360458374,0.9269957983193278,2.9313998222351074
oceanembed,spatial,well_mixed,S,3808,0.038227527876885985,0.7615546218487395,0.5056782960891724,0.8558298319327731,0.6516614556312561,0.9206932773109243,0.8363903760910034,0.957983193277311,0.9966108798980713
oceanembed,spatial,barrier_layer_stratified,T,13622,0.011464090780669798,0.705696667156071,1.5879712104797363,0.8175745118191161,2.0463991165161133,0.9036118044340038,2.6264994144439697,0.9458229334899427,3.1296370029449463
oceanembed,spatial,barrier_layer_stratified,S,13622,0.02729693168528919,0.7369696079870798,0.5254064202308655,0.8357803553075906,0.6770848631858826,0.9133020114520628,0.8690206408500671,0.9525033034796653,1.0354918241500854
oceanembed,spatial,upwelling,T,606,0.019884049123175936,0.6897689768976898,1.4366743564605713,0.8201320132013201,1.8514246940612793,0.8910891089108911,2.3762550354003906,0.9323432343234324,2.8314547538757324
oceanembed,spatial,upwelling,S,606,0.05474016914038036,0.7871287128712872,0.3595837354660034,0.8927392739273927,0.46339109539985657,0.9438943894389439,0.5947504043579102,0.971947194719472,0.7086818218231201
oceanembed,spatial,all,T,18036,0.010925299073248077,0.6998780217343091,1.5616507530212402,0.811321800842759,2.0124804973602295,0.8982590374805943,2.582965850830078,0.9413949878021735,3.077763557434082
oceanembed,spatial,all,S,18036,0.030330583219396134,0.7438456420492349,0.5156696438789368,0.8419272565979152,0.6645371317863464,0.9158904413395431,0.8529159426689148,0.954313595032158,1.0163021087646484
oceanembed,temporal,well_mixed,T,8259,0.034684059334047175,0.6233200145296041,1.7119030952453613,0.7412519675505509,2.206108570098877,0.8560358396900352,2.831482410430908,0.9204504177261169,3.3738863468170166
oceanembed,temporal,well_mixed,S,8259,0.018845096811455075,0.6619445453444727,0.33906376361846924,0.7722484562295677,0.4369473457336426,0.8717762440973483,0.5608104467391968,0.9222666182346531,0.6682403683662415
oceanembed,temporal,barrier_layer_stratified,T,1405,0.0219560726388097,0.7224199288256228,1.6353117227554321,0.8256227758007118,2.1074063777923584,0.894661921708185,2.704800844192505,0.9409252669039145,3.2229373455047607
oceanembed,temporal,barrier_layer_stratified,S,1405,0.008158566260417848,0.6669039145907474,0.3070690929889679,0.7800711743772242,0.3957161605358124,0.8811387900355871,0.5078912973403931,0.9409252669039145,0.6051838994026184
oceanembed,temporal,upwelling,T,857,0.0129163109536817,0.6802800466744457,1.9136173725128174,0.7957992998833139,2.4660556316375732,0.8833138856476079,3.1651177406311035,0.9253208868144691,3.771433115005493
oceanembed,temporal,upwelling,S,857,0.032674814217463335,0.7409568261376897,0.348500519990921,0.8506417736289381,0.44910839200019836,0.9171528588098017,0.5764188170433044,0.9544924154025671,0.6868386268615723
oceanembed,temporal,all,T,10521,0.02596661625158913,0.6411938028704496,1.7181057929992676,0.7569622659443018,2.214102029800415,0.8634160250926718,2.8417418003082275,0.9235814086113487,3.38611102104187
oceanembed,temporal,all,S,10521,0.015403902674716446,0.6690428666476571,0.33555981516838074,0.7796787377625701,0.43243181705474854,0.876722744986218,0.5550149083137512,0.9273833285809334,0.6613345742225647
baseline,spatial,well_mixed,T,3808,0.02978477577604565,0.7376575630252101,1.593205451965332,0.8419117647058824,2.0531444549560547,0.9212184873949579,2.6351568698883057,0.9550945378151261,3.1399526596069336
baseline,spatial,well_mixed,S,3808,0.047854500268871364,0.774422268907563,0.5201128721237183,0.8652836134453782,0.6702631115913391,0.9314600840336135,0.8602651357650757,0.9634978991596639,1.0250591039657593
baseline,spatial,barrier_layer_stratified,T,13622,0.01887207886274796,0.7181764792247834,1.6329208612442017,0.8336514461899868,2.104325532913208,0.9199823814417853,2.7008464336395264,0.9577154602848333,3.2182254791259766
baseline,spatial,barrier_layer_stratified,S,13622,0.035644246746717845,0.7509910438995743,0.5265169739723206,0.8498017912200851,0.6785159111022949,0.9249743062692704,0.8708574771881104,0.9616062252239025,1.0376805067062378
baseline,spatial,upwelling,T,606,0.01964874238746454,0.6798679867986799,1.526960015296936,0.83003300330033,1.9677746295928955,0.8960396039603961,2.525587320327759,0.9438943894389439,3.0093934535980225
baseline,spatial,upwelling,S,606,0.08139033415688202,0.834983498349835,0.39186298847198486,0.9158415841584159,0.5049890875816345,0.9620462046204621,0.6481402516365051,0.9834983498349835,0.7722991704940796
baseline,spatial,all,T,18036,0.021080315532200935,0.7210024395653138,1.6209754943847656,0.8352738966511422,2.0889315605163574,0.9194388999778221,2.68108868598938,0.9566977156797516,3.1946828365325928
baseline,spatial,all,S,18036,0.03945842328741001,0.7587602572632512,0.5206405520439148,0.8552894211576846,0.6709430813789368,0.9275892659126193,0.861137866973877,0.9627411842980705,1.0260990858078003
baseline,temporal,well_mixed,T,8259,0.03436319724420579,0.6311902167332607,1.7597882747650146,0.7490010897203051,2.267817735671997,0.8532509989102797,2.910684585571289,0.9112483351495339,3.4682610034942627
baseline,temporal,well_mixed,S,8259,0.02175626117878316,0.6652137062598378,0.3499474823474884,0.7700690156193244,0.4509730637073517,0.8688703232836905,0.5788121223449707,0.9180288170480688,0.689690351486206
baseline,temporal,barrier_layer_stratified,T,1405,0.024835425298186792,0.7323843416370107,1.669722080230713,0.8277580071174377,2.1517505645751953,0.902491103202847,2.7617151737213135,0.9395017793594306,3.2907543182373047
baseline,temporal,barrier_layer_stratified,S,1405,0.005809253601739594,0.6761565836298933,0.31871920824050903,0.7822064056939502,0.4107295870780945,0.8911032028469751,0.5271605849266052,0.9516014234875445,0.6281444430351257
baseline,temporal,upwelling,T,857,0.011527898455600417,0.7082847141190198,1.9697622060775757,0.8121353558926487,2.5384085178375244,0.8938156359393232,3.2579805850982666,0.9369894982497082,3.8820855617523193
baseline,temporal,upwelling,S,857,0.03590874399086424,0.7397899649941657,0.37641867995262146,0.851808634772462,0.4850861728191376,0.926487747957993,0.6225953698158264,0.9626604434072346,0.7418608665466309
baseline,temporal,all,T,10521,0.02405139906691085,0.65098374679213,1.764864206314087,0.7646611538827107,2.2743589878082275,0.863130881094953,2.9190802574157715,0.9171181446630549,3.478264808654785
baseline,temporal,all,S,10521,0.017206155154000487,0.6727497386180021,0.34793341159820557,0.7783480657732155,0.4483775794506073,0.8765326489877389,0.5754808187484741,0.9261477045908184,0.6857209801673889
oceanembed_lp05,spatial,well_mixed,T,3808,0.014792985400441069,0.6809348739495799,1.487557053565979,0.7865021008403361,1.9169968366622925,0.8802521008403361,2.4604148864746094,0.9264705882352942,2.931736469268799
oceanembed_lp05,spatial,well_mixed,S,3808,0.038253788381087665,0.7610294117647058,0.5057064890861511,0.8560924369747899,0.6516977548599243,0.9212184873949579,0.8364370465278625,0.9582457983193278,0.9966664910316467
oceanembed_lp05,spatial,barrier_layer_stratified,T,13622,0.011383339055519298,0.7056232564968433,1.5879138708114624,0.8177213331375716,2.046325206756592,0.903832036411687,2.6264045238494873,0.9456761121714873,3.129523277282715
oceanembed_lp05,spatial,barrier_layer_stratified,S,13622,0.02736300127859414,0.7380707678754955,0.5255098938941956,0.8360739979445015,0.6772181987762451,0.9132286007928351,0.8691918253898621,0.9525033034796653,1.0356957912445068
oceanembed_lp05,spatial,upwelling,T,606,0.01971903262152577,0.6897689768976898,1.4368523359298706,0.8201320132013201,1.8516544103622437,0.8910891089108911,2.3765499591827393,0.9323432343234324,2.831805944442749
oceanembed_lp05,spatial,upwelling,S,606,0.055070202143680705,0.7871287128712872,0.3596033751964569,0.8927392739273927,0.4634164869785309,0.9455445544554455,0.5947828888893127,0.971947194719472,0.7087205648422241
oceanembed_lp05,spatial,all,T,18036,0.01088648780689189,0.6998780217343091,1.5616495609283447,0.8112109115103127,2.012479066848755,0.8984253714792637,2.582963705062866,0.941173209137281,3.077761173248291
oceanembed_lp05,spatial,all,S,18036,0.03040266128548618,0.7445664227101353,0.5157544016838074,0.8422044799290308,0.6646463871002197,0.9160013306719893,0.8530561327934265,0.954369039698381,1.0164692401885986
oceanembed_lp05,temporal,well_mixed,T,8259,0.034708275340827655,0.6230778544617992,1.7115398645401,0.7407676474149413,2.2056405544281006,0.8559147596561327,2.8308815956115723,0.9204504177261169,3.3731706142425537
oceanembed_lp05,temporal,well_mixed,S,8259,0.01872401677755266,0.66230778544618,0.33903247117996216,0.7728538563990798,0.436907023191452,0.8711708439278363,0.560758650302887,0.9220244581668483,0.6681786179542542
oceanembed_lp05,temporal,barrier_layer_stratified,T,1405,0.022062834204646005,0.7202846975088968,1.6351805925369263,0.8256227758007118,2.1072371006011963,0.894661921708185,2.7045838832855225,0.9409252669039145,3.2226788997650146
oceanembed_lp05,temporal,barrier_layer_stratified,S,1405,0.008335360720707554,0.6661921708185053,0.30704665184020996,0.7807829181494662,0.3956872820854187,0.8811387900355871,0.5078542232513428,0.9409252669039145,0.6051397323608398
oceanembed_lp05,temporal,upwelling,T,857,0.012507909553448332,0.6791131855309218,1.9136309623718262,0.7969661610268378,2.4660727977752686,0.8833138856476079,3.165139675140381,0.9253208868144691,3.7714598178863525
oceanembed_lp05,temporal,upwelling,S,857,0.03261647116028714,0.7409568261376897,0.34853774309158325,0.851808634772462,0.44915637373924255,0.9171528588098017,0.5764804482460022,0.9544924154025671,0.6869120001792908
oceanembed_lp05,temporal,all,T,10521,0.025928597051893276,0.6406235148750119,1.717804193496704,0.756677121946583,2.2137131690979004,0.8633209770934321,2.841243028640747,0.9235814086113487,3.38551664352417
oceanembed_lp05,temporal,all,S,10521,0.015342121475210701,0.6692329626461363,0.3355352580547333,0.7803440737572475,0.4324002265930176,0.8762475049900199,0.5549743175506592,0.9271932325824541,0.6612862348556519
oceanembed_lp30,spatial,well_mixed,T,3808,0.014819245904642748,0.6819852941176471,1.4876132011413574,0.7878151260504201,1.9170689582824707,0.8807773109243697,2.46050763130188,0.9272584033613446,2.931847095489502
oceanembed_lp30,spatial,well_mixed,S,3808,0.0379319468987211,0.7591911764705882,0.5061947107315063,0.8563550420168067,0.6523269414901733,0.9217436974789915,0.8372445106506348,0.9577205882352942,0.9976286292076111
oceanembed_lp30,spatial,barrier_layer_stratified,T,13622,0.01115576601191337,0.7053296138599324,1.5882868766784668,0.8169872265452944,2.0468058586120605,0.9032447511378652,2.627021551132202,0.9458229334899427,3.130258798599243
oceanembed_lp30,spatial,barrier_layer_stratified,S,13622,0.027080370240567413,0.7366025546909412,0.5254958868026733,0.8358537659668184,0.6772001385688782,0.9134488327705182,0.8691686391830444,0.9527235354573484,1.035668134689331
oceanembed_lp30,spatial,upwelling,T,606,0.01988404912317593,0.6881188118811881,1.435781717300415,0.8184818481848185,1.8502745628356934,0.8910891089108911,2.3747785091400146,0.9323432343234324,2.829695701599121
oceanembed_lp30,spatial,upwelling,S,606,0.055152710394505776,0.7887788778877888,0.35943999886512756,0.8927392739273927,0.46320587396621704,0.9438943894389439,0.5945126414299011,0.971947194719472,0.7083985805511475
oceanembed_lp30,spatial,all,T,18036,0.01070352040835563,0.699822577068086,1.561907172203064,0.8108782435129741,2.012810707092285,0.898092703481925,2.5833897590637207,0.9414504324683965,3.0782687664031982
oceanembed_lp30,spatial,all,S,18036,0.030120568359878912,0.7431248613883344,0.5158413648605347,0.8420935905965846,0.6647585034370422,0.9162231093368818,0.8532001376152039,0.9544244843646041,1.0166407823562622
oceanembed_lp30,temporal,well_mixed,T,8259,0.034732491347608134,0.6235621745974089,1.7125804424285889,0.7418573677200629,2.206981658935547,0.8556725995883279,2.8326029777526855,0.9203293376922146,3.3752214908599854
oceanembed_lp30,temporal,well_mixed,S,8259,0.018717962775857532,0.6615813052427655,0.33923694491386414,0.7733381765346894,0.43717047572135925,0.8710497638939338,0.5610968470573425,0.9226298583363604,0.6685816049575806
oceanembed_lp30,temporal,barrier_layer_stratified,T,1405,0.021956072638809707,0.7217081850533807,1.6344029903411865,0.8241992882562278,2.1062352657318115,0.8953736654804271,2.7032976150512695,0.9402135231316726,3.221146583557129
oceanembed_lp30,temporal,barrier_layer_stratified,S,1405,0.008300915014866257,0.6661921708185053,0.3067784607410431,0.7800711743772242,0.395341694355011,0.8790035587188612,0.5074106454849243,0.9409252669039145,0.6046111583709717
oceanembed_lp30,temporal,upwelling,T,857,0.013277565203734862,0.6802800466744457,1.9142754077911377,0.7957992998833139,2.4669034481048584,0.882147024504084,3.166205883026123,0.926487747957993,3.7727301120758057
oceanembed_lp30,temporal,upwelling,S,857,0.03279150033181573,0.7421236872812136,0.3485604524612427,0.8494749124854143,0.44918563961982727,0.9171528588098017,0.5765179395675659,0.9533255542590432,0.6869567632675171
oceanembed_lp30,temporal,all,T,10521,0.026042654650980813,0.6412888508696892,1.7185697555541992,0.7572474099420207,2.2146999835968018,0.863130881094953,2.8425092697143555,0.9234863606121091,3.387025833129883
oceanembed_lp30,temporal,all,S,10521,0.015313607075438818,0.6687577226499383,0.33566176891326904,0.780439121756487,0.43256324529647827,0.8758673129930615,0.5551836490631104,0.9275734245794126,0.6615356206893921
